game_info,boxscore_url
Hanwha Eagles Doosan Bears 29° 7:00pm Seoul-Jamsil Starters: Wang Yan-cheng vs. Gwak Been KT Wiz NC Dinos 26° 7:00pm Changwon Starters: Allen vs. Thompson LG Twins Kiwoom Heroes 30° 7:00pm Seoul-Gocheok Starters: Carrasco vs. An Woo-jin Lotte Giants SSG Landers 30° 7:00pm Incheon-Munhak Starters: Beasley vs. Ávila Samsung Lions Kia Tigers 30° 7:00pm Gwangju Starters: Chris Paddack vs. Oller,N/A
Hanwha Eagles Doosan Bears 29° 7:00pm Seoul-Jamsil,N/A
Hanwha Eagles Doosan Bears,N/A
Hanwha Eagles,N/A
Doosan Bears,N/A
29° 7:00pm Seoul-Jamsil,N/A
7:00pm Seoul-Jamsil,N/A
Starters: Wang Yan-cheng vs. Gwak Been,N/A
KT Wiz NC Dinos 26° 7:00pm Changwon,N/A
KT Wiz NC Dinos,N/A
KT Wiz,N/A
NC Dinos,N/A
26° 7:00pm Changwon,N/A
7:00pm Changwon,N/A
Starters: Allen vs. Thompson,N/A
LG Twins Kiwoom Heroes 30° 7:00pm Seoul-Gocheok,N/A
LG Twins Kiwoom Heroes,N/A
LG Twins,N/A
Kiwoom Heroes,N/A
30° 7:00pm Seoul-Gocheok,N/A
7:00pm Seoul-Gocheok,N/A
Starters: Carrasco vs. An Woo-jin,N/A
Lotte Giants SSG Landers 30° 7:00pm Incheon-Munhak,N/A
Lotte Giants SSG Landers,N/A
Lotte Giants,N/A
SSG Landers,N/A
30° 7:00pm Incheon-Munhak,N/A
7:00pm Incheon-Munhak,N/A
Starters: Beasley vs. Ávila,N/A
Samsung Lions Kia Tigers 30° 7:00pm Gwangju,N/A
Samsung Lions Kia Tigers,N/A
Samsung Lions,N/A
Kia Tigers,N/A
30° 7:00pm Gwangju,N/A
7:00pm Gwangju,N/A
Starters: Chris Paddack vs. Oller,N/A
Kia Tigers LG Twins Canceled Extreme Heat Lotte Giants KT Wiz Canceled Extreme Heat Doosan Bears Samsung Lions Canceled Extreme Heat SSG Landers NC Dinos Canceled Extreme Heat Kiwoom Heroes Hanwha Eagles Canceled Extreme Heat,N/A
Kia Tigers LG Twins Canceled Extreme Heat,N/A
Kia Tigers LG Twins,N/A
Kia Tigers,N/A
LG Twins,N/A
Canceled Extreme Heat,N/A
Canceled Extreme Heat,N/A
Lotte Giants KT Wiz Canceled Extreme Heat,N/A
Lotte Giants KT Wiz,N/A
Lotte Giants,N/A
KT Wiz,N/A
Canceled Extreme Heat,N/A
Canceled Extreme Heat,N/A
Doosan Bears Samsung Lions Canceled Extreme Heat,N/A
Doosan Bears Samsung Lions,N/A
Doosan Bears,N/A
Samsung Lions,N/A
Canceled Extreme Heat,N/A
Canceled Extreme Heat,N/A
SSG Landers NC Dinos Canceled Extreme Heat,N/A
SSG Landers NC Dinos,N/A
SSG Landers,N/A
NC Dinos,N/A
Canceled Extreme Heat,N/A
Canceled Extreme Heat,N/A
Kiwoom Heroes Hanwha Eagles Canceled Extreme Heat,N/A
Kiwoom Heroes Hanwha Eagles,N/A
Kiwoom Heroes,N/A
Hanwha Eagles,N/A
Canceled Extreme Heat,N/A
Canceled Extreme Heat,N/A
